{"cameraMode":{"drawMode":0,"name":"Shaded","section":"Shading Mode"},"sceneLighting":true,"audioPlay":false,"sceneViewState":{"showFog":true,"showMaterialUpdate":false,"showSkybox":true,"showFlares":true,"showImageEffects":true,"showParticleSystems":true,"showVisualEffectGraphs":true,"m_FxEnabled":true},"in2DMode":false,"pivot":{"x":-2.9620919227600099,"y":-0.7975692749023438,"z":4.366452693939209},"rotation":{"x":0.034448325634002689,"y":-0.051547639071941379,"z":0.0017775458982214332,"w":0.9980684518814087},"size":33.28275680541992,"orthographic":false}