{"cameraMode":{"drawMode":0,"name":"Shaded","section":"Shading Mode"},"sceneLighting":true,"audioPlay":false,"sceneViewState":{"showFog":true,"showMaterialUpdate":false,"showSkybox":true,"showFlares":true,"showImageEffects":true,"showParticleSystems":true,"showVisualEffectGraphs":true,"m_FxEnabled":true},"in2DMode":false,"pivot":{"x":-2.9620919227600099,"y":-0.7975692749023438,"z":4.366452693939209},"rotation":{"x":0.04197850450873375,"y":0.02187725529074669,"z":-0.000921036524232477,"w":0.9988724589347839},"size":33.28275680541992,"orthographic":false}