{"cameraMode":{"drawMode":0,"name":"Shaded","section":"Shading Mode"},"sceneLighting":true,"audioPlay":false,"sceneViewState":{"showFog":true,"showMaterialUpdate":false,"showSkybox":true,"showFlares":true,"showImageEffects":true,"showParticleSystems":true,"showVisualEffectGraphs":true,"m_FxEnabled":true},"in2DMode":false,"pivot":{"x":10.68448543548584,"y":-36.467994689941409,"z":67.02130126953125},"rotation":{"x":-0.4298194646835327,"y":0.0073116980493068699,"z":-0.0034799405839294197,"w":-0.9028770327568054},"size":94.97584533691406,"orthographic":false}